"filename", "language", "Java", "XML", "comment", "blank", "total"
"/Users/twp/Library/CloudStorage/OneDrive-SaltLakeCitySchoolDistrict/12th Grade/CS HL2/IA/tutoring-message-manager/pom.xml", "XML", 0, 172, 1, 1, 174
"/Users/twp/Library/CloudStorage/OneDrive-SaltLakeCitySchoolDistrict/12th Grade/CS HL2/IA/tutoring-message-manager/src/main/java/com/fariseducation/App.java", "Java", 42, 0, 171, 7, 220
"/Users/twp/Library/CloudStorage/OneDrive-SaltLakeCitySchoolDistrict/12th Grade/CS HL2/IA/tutoring-message-manager/src/main/java/com/fariseducation/Data/Guardian.java", "Java", 22, 0, 0, 7, 29
"/Users/twp/Library/CloudStorage/OneDrive-SaltLakeCitySchoolDistrict/12th Grade/CS HL2/IA/tutoring-message-manager/src/main/java/com/fariseducation/Data/GuardianshipRelationship.java", "Java", 19, 0, 0, 5, 24
"/Users/twp/Library/CloudStorage/OneDrive-SaltLakeCitySchoolDistrict/12th Grade/CS HL2/IA/tutoring-message-manager/src/main/java/com/fariseducation/Data/Identifiable.java", "Java", 5, 0, 0, 3, 8
"/Users/twp/Library/CloudStorage/OneDrive-SaltLakeCitySchoolDistrict/12th Grade/CS HL2/IA/tutoring-message-manager/src/main/java/com/fariseducation/Data/Indexing/BinaryIndexTreeNode.java", "Java", 64, 0, 0, 10, 74
"/Users/twp/Library/CloudStorage/OneDrive-SaltLakeCitySchoolDistrict/12th Grade/CS HL2/IA/tutoring-message-manager/src/main/java/com/fariseducation/Data/Indexing/IndexTreeNode.java", "Java", 48, 0, 0, 9, 57
"/Users/twp/Library/CloudStorage/OneDrive-SaltLakeCitySchoolDistrict/12th Grade/CS HL2/IA/tutoring-message-manager/src/main/java/com/fariseducation/Data/Indexing/TreeNode.java", "Java", 12, 0, 0, 3, 15
"/Users/twp/Library/CloudStorage/OneDrive-SaltLakeCitySchoolDistrict/12th Grade/CS HL2/IA/tutoring-message-manager/src/main/java/com/fariseducation/Data/ManagedData.java", "Java", 28, 0, 0, 6, 34
"/Users/twp/Library/CloudStorage/OneDrive-SaltLakeCitySchoolDistrict/12th Grade/CS HL2/IA/tutoring-message-manager/src/main/java/com/fariseducation/Data/ManagedDataSource.java", "Java", 2, 0, 0, 2, 4
"/Users/twp/Library/CloudStorage/OneDrive-SaltLakeCitySchoolDistrict/12th Grade/CS HL2/IA/tutoring-message-manager/src/main/java/com/fariseducation/Data/ObservedData/DataManager.java", "Java", 183, 0, 2, 18, 203
"/Users/twp/Library/CloudStorage/OneDrive-SaltLakeCitySchoolDistrict/12th Grade/CS HL2/IA/tutoring-message-manager/src/main/java/com/fariseducation/Data/ObservedData/DataObserver.java", "Java", 4, 0, 0, 2, 6
"/Users/twp/Library/CloudStorage/OneDrive-SaltLakeCitySchoolDistrict/12th Grade/CS HL2/IA/tutoring-message-manager/src/main/java/com/fariseducation/Data/ObservedData/ObservedBoolean.java", "Java", 19, 0, 0, 5, 24
"/Users/twp/Library/CloudStorage/OneDrive-SaltLakeCitySchoolDistrict/12th Grade/CS HL2/IA/tutoring-message-manager/src/main/java/com/fariseducation/Data/ObservedData/ObservedDate.java", "Java", 20, 0, 0, 6, 26
"/Users/twp/Library/CloudStorage/OneDrive-SaltLakeCitySchoolDistrict/12th Grade/CS HL2/IA/tutoring-message-manager/src/main/java/com/fariseducation/Data/ObservedData/ObservedDatum.java", "Java", 18, 0, 0, 4, 22
"/Users/twp/Library/CloudStorage/OneDrive-SaltLakeCitySchoolDistrict/12th Grade/CS HL2/IA/tutoring-message-manager/src/main/java/com/fariseducation/Data/ObservedData/ObservedDouble.java", "Java", 19, 0, 0, 5, 24
"/Users/twp/Library/CloudStorage/OneDrive-SaltLakeCitySchoolDistrict/12th Grade/CS HL2/IA/tutoring-message-manager/src/main/java/com/fariseducation/Data/ObservedData/ObservedGeneric.java", "Java", 23, 0, 0, 5, 28
"/Users/twp/Library/CloudStorage/OneDrive-SaltLakeCitySchoolDistrict/12th Grade/CS HL2/IA/tutoring-message-manager/src/main/java/com/fariseducation/Data/ObservedData/ObservedLiveList.java", "Java", 52, 0, 0, 11, 63
"/Users/twp/Library/CloudStorage/OneDrive-SaltLakeCitySchoolDistrict/12th Grade/CS HL2/IA/tutoring-message-manager/src/main/java/com/fariseducation/Data/ObservedData/ObservedLockedList.java", "Java", 35, 0, 0, 6, 41
"/Users/twp/Library/CloudStorage/OneDrive-SaltLakeCitySchoolDistrict/12th Grade/CS HL2/IA/tutoring-message-manager/src/main/java/com/fariseducation/Data/ObservedData/ObservedString.java", "Java", 41, 0, 1, 10, 52
"/Users/twp/Library/CloudStorage/OneDrive-SaltLakeCitySchoolDistrict/12th Grade/CS HL2/IA/tutoring-message-manager/src/main/java/com/fariseducation/Data/ObservedData/ObservedUUID.java", "Java", 24, 0, 0, 7, 31
"/Users/twp/Library/CloudStorage/OneDrive-SaltLakeCitySchoolDistrict/12th Grade/CS HL2/IA/tutoring-message-manager/src/main/java/com/fariseducation/Data/ObservedData/ObservedUnlockedList.java", "Java", 28, 0, 0, 3, 31
"/Users/twp/Library/CloudStorage/OneDrive-SaltLakeCitySchoolDistrict/12th Grade/CS HL2/IA/tutoring-message-manager/src/main/java/com/fariseducation/Data/Person.java", "Java", 26, 0, 0, 7, 33
"/Users/twp/Library/CloudStorage/OneDrive-SaltLakeCitySchoolDistrict/12th Grade/CS HL2/IA/tutoring-message-manager/src/main/java/com/fariseducation/Data/Savable.java", "Java", 4, 0, 0, 2, 6
"/Users/twp/Library/CloudStorage/OneDrive-SaltLakeCitySchoolDistrict/12th Grade/CS HL2/IA/tutoring-message-manager/src/main/java/com/fariseducation/Data/Session.java", "Java", 33, 0, 0, 7, 40
"/Users/twp/Library/CloudStorage/OneDrive-SaltLakeCitySchoolDistrict/12th Grade/CS HL2/IA/tutoring-message-manager/src/main/java/com/fariseducation/Data/SpreadsheetReader.java", "Java", 35, 0, 0, 15, 50
"/Users/twp/Library/CloudStorage/OneDrive-SaltLakeCitySchoolDistrict/12th Grade/CS HL2/IA/tutoring-message-manager/src/main/java/com/fariseducation/Data/Student.java", "Java", 11, 0, 0, 4, 15
"/Users/twp/Library/CloudStorage/OneDrive-SaltLakeCitySchoolDistrict/12th Grade/CS HL2/IA/tutoring-message-manager/src/main/java/com/fariseducation/Data/TimeGroup.java", "Java", 39, 0, 3, 9, 51
"/Users/twp/Library/CloudStorage/OneDrive-SaltLakeCitySchoolDistrict/12th Grade/CS HL2/IA/tutoring-message-manager/src/main/java/com/fariseducation/Data/Tutor.java", "Java", 10, 0, 0, 4, 14
"/Users/twp/Library/CloudStorage/OneDrive-SaltLakeCitySchoolDistrict/12th Grade/CS HL2/IA/tutoring-message-manager/src/main/java/com/fariseducation/Data/TutoringRelationship.java", "Java", 0, 0, 9, 1, 10
"/Users/twp/Library/CloudStorage/OneDrive-SaltLakeCitySchoolDistrict/12th Grade/CS HL2/IA/tutoring-message-manager/src/main/java/com/fariseducation/DataLoadingWindow.java", "Java", 25, 0, 0, 8, 33
"/Users/twp/Library/CloudStorage/OneDrive-SaltLakeCitySchoolDistrict/12th Grade/CS HL2/IA/tutoring-message-manager/src/main/java/com/fariseducation/ParentEditorWindow.java", "Java", 3, 0, 0, 3, 6
"/Users/twp/Library/CloudStorage/OneDrive-SaltLakeCitySchoolDistrict/12th Grade/CS HL2/IA/tutoring-message-manager/src/main/java/com/fariseducation/PrimaryWindow.java", "Java", 195, 0, 9, 8, 212
"/Users/twp/Library/CloudStorage/OneDrive-SaltLakeCitySchoolDistrict/12th Grade/CS HL2/IA/tutoring-message-manager/src/main/java/com/fariseducation/StudentEditorWindow.java", "Java", 147, 0, 8, 7, 162
"/Users/twp/Library/CloudStorage/OneDrive-SaltLakeCitySchoolDistrict/12th Grade/CS HL2/IA/tutoring-message-manager/src/main/java/com/fariseducation/TimeGroupEditorWindow.java", "Java", 116, 0, 0, 8, 124
"/Users/twp/Library/CloudStorage/OneDrive-SaltLakeCitySchoolDistrict/12th Grade/CS HL2/IA/tutoring-message-manager/src/main/java/com/fariseducation/TutorEditorWindow.java", "Java", 3, 0, 0, 3, 6
"/Users/twp/Library/CloudStorage/OneDrive-SaltLakeCitySchoolDistrict/12th Grade/CS HL2/IA/tutoring-message-manager/src/main/java/com/fariseducation/UIBase/UIAlert.java", "Java", 7, 0, 0, 3, 10
"/Users/twp/Library/CloudStorage/OneDrive-SaltLakeCitySchoolDistrict/12th Grade/CS HL2/IA/tutoring-message-manager/src/main/java/com/fariseducation/UIBase/UIComponent.java", "Java", 89, 0, 0, 6, 95
"/Users/twp/Library/CloudStorage/OneDrive-SaltLakeCitySchoolDistrict/12th Grade/CS HL2/IA/tutoring-message-manager/src/main/java/com/fariseducation/UIBase/UIDropdown.java", "Java", 55, 0, 0, 16, 71
"/Users/twp/Library/CloudStorage/OneDrive-SaltLakeCitySchoolDistrict/12th Grade/CS HL2/IA/tutoring-message-manager/src/main/java/com/fariseducation/UIBase/UIEnums/UIAlignment.java", "Java", 14, 0, 0, 5, 19
"/Users/twp/Library/CloudStorage/OneDrive-SaltLakeCitySchoolDistrict/12th Grade/CS HL2/IA/tutoring-message-manager/src/main/java/com/fariseducation/UIBase/UIEnums/UIAxis.java", "Java", 12, 0, 0, 5, 17
"/Users/twp/Library/CloudStorage/OneDrive-SaltLakeCitySchoolDistrict/12th Grade/CS HL2/IA/tutoring-message-manager/src/main/java/com/fariseducation/UIBase/UIFrameConstraints.java", "Java", 64, 0, 0, 4, 68
"/Users/twp/Library/CloudStorage/OneDrive-SaltLakeCitySchoolDistrict/12th Grade/CS HL2/IA/tutoring-message-manager/src/main/java/com/fariseducation/UIBase/UIGroup.java", "Java", 59, 0, 8, 17, 84
"/Users/twp/Library/CloudStorage/OneDrive-SaltLakeCitySchoolDistrict/12th Grade/CS HL2/IA/tutoring-message-manager/src/main/java/com/fariseducation/UIBase/UIIndicator.java", "Java", 65, 0, 0, 18, 83
"/Users/twp/Library/CloudStorage/OneDrive-SaltLakeCitySchoolDistrict/12th Grade/CS HL2/IA/tutoring-message-manager/src/main/java/com/fariseducation/UIBase/UIListBuilder.java", "Java", 50, 0, 0, 15, 65
"/Users/twp/Library/CloudStorage/OneDrive-SaltLakeCitySchoolDistrict/12th Grade/CS HL2/IA/tutoring-message-manager/src/main/java/com/fariseducation/UIBase/UIScrollContainer.java", "Java", 19, 0, 0, 6, 25
"/Users/twp/Library/CloudStorage/OneDrive-SaltLakeCitySchoolDistrict/12th Grade/CS HL2/IA/tutoring-message-manager/src/main/java/com/fariseducation/UIBase/UISeparator.java", "Java", 20, 0, 0, 9, 29
"/Users/twp/Library/CloudStorage/OneDrive-SaltLakeCitySchoolDistrict/12th Grade/CS HL2/IA/tutoring-message-manager/src/main/java/com/fariseducation/UIBase/UISpacer.java", "Java", 32, 0, 0, 11, 43
"/Users/twp/Library/CloudStorage/OneDrive-SaltLakeCitySchoolDistrict/12th Grade/CS HL2/IA/tutoring-message-manager/src/main/java/com/fariseducation/UIBase/UITextElements/UIButton.java", "Java", 51, 0, 1, 14, 66
"/Users/twp/Library/CloudStorage/OneDrive-SaltLakeCitySchoolDistrict/12th Grade/CS HL2/IA/tutoring-message-manager/src/main/java/com/fariseducation/UIBase/UITextElements/UILabel.java", "Java", 26, 0, 0, 8, 34
"/Users/twp/Library/CloudStorage/OneDrive-SaltLakeCitySchoolDistrict/12th Grade/CS HL2/IA/tutoring-message-manager/src/main/java/com/fariseducation/UIBase/UITextElements/UITextElement.java", "Java", 39, 0, 0, 10, 49
"/Users/twp/Library/CloudStorage/OneDrive-SaltLakeCitySchoolDistrict/12th Grade/CS HL2/IA/tutoring-message-manager/src/main/java/com/fariseducation/UIBase/UITextElements/UITextField.java", "Java", 117, 0, 0, 20, 137
"/Users/twp/Library/CloudStorage/OneDrive-SaltLakeCitySchoolDistrict/12th Grade/CS HL2/IA/tutoring-message-manager/src/main/java/com/fariseducation/UIBase/UITextElements/UITextFormat.java", "Java", 42, 0, 0, 8, 50
"/Users/twp/Library/CloudStorage/OneDrive-SaltLakeCitySchoolDistrict/12th Grade/CS HL2/IA/tutoring-message-manager/src/main/java/com/fariseducation/UIBase/UIToggle.java", "Java", 30, 0, 0, 9, 39
"/Users/twp/Library/CloudStorage/OneDrive-SaltLakeCitySchoolDistrict/12th Grade/CS HL2/IA/tutoring-message-manager/src/main/java/com/fariseducation/UIBase/UIWindow.java", "Java", 37, 0, 1, 11, 49
"/Users/twp/Library/CloudStorage/OneDrive-SaltLakeCitySchoolDistrict/12th Grade/CS HL2/IA/tutoring-message-manager/src/test/java/com/fariseducation/AppTest.java", "Java", 9, 0, 6, 4, 19
"/Users/twp/Library/CloudStorage/OneDrive-SaltLakeCitySchoolDistrict/12th Grade/CS HL2/IA/tutoring-message-manager/target/classes/com/fariseducation/App.class", "Java", 9, 0, 0, 0, 9
"/Users/twp/Library/CloudStorage/OneDrive-SaltLakeCitySchoolDistrict/12th Grade/CS HL2/IA/tutoring-message-manager/target/classes/com/fariseducation/Data/Guardian.class", "Java", 11, 0, 0, 0, 11
"/Users/twp/Library/CloudStorage/OneDrive-SaltLakeCitySchoolDistrict/12th Grade/CS HL2/IA/tutoring-message-manager/target/classes/com/fariseducation/Data/GuardianshipRelationship.class", "Java", 10, 0, 0, 0, 10
"/Users/twp/Library/CloudStorage/OneDrive-SaltLakeCitySchoolDistrict/12th Grade/CS HL2/IA/tutoring-message-manager/target/classes/com/fariseducation/Data/Identifiable.class", "Java", 2, 0, 0, 0, 2
"/Users/twp/Library/CloudStorage/OneDrive-SaltLakeCitySchoolDistrict/12th Grade/CS HL2/IA/tutoring-message-manager/target/classes/com/fariseducation/Data/Indexing/BinaryIndexTreeNode.class", "Java", 25, 0, 0, 0, 25
"/Users/twp/Library/CloudStorage/OneDrive-SaltLakeCitySchoolDistrict/12th Grade/CS HL2/IA/tutoring-message-manager/target/classes/com/fariseducation/Data/Indexing/IndexTreeNode.class", "Java", 29, 0, 0, 0, 29
"/Users/twp/Library/CloudStorage/OneDrive-SaltLakeCitySchoolDistrict/12th Grade/CS HL2/IA/tutoring-message-manager/target/classes/com/fariseducation/Data/Indexing/TreeNode.class", "Java", 7, 0, 0, 0, 7
"/Users/twp/Library/CloudStorage/OneDrive-SaltLakeCitySchoolDistrict/12th Grade/CS HL2/IA/tutoring-message-manager/target/classes/com/fariseducation/Data/ManagedData.class", "Java", 25, 0, 0, 0, 25
"/Users/twp/Library/CloudStorage/OneDrive-SaltLakeCitySchoolDistrict/12th Grade/CS HL2/IA/tutoring-message-manager/target/classes/com/fariseducation/Data/ManagedDataSource.class", "Java", 5, 0, 0, 0, 5
"/Users/twp/Library/CloudStorage/OneDrive-SaltLakeCitySchoolDistrict/12th Grade/CS HL2/IA/tutoring-message-manager/target/classes/com/fariseducation/Data/ObservedData/DataManager.class", "Java", 62, 0, 19, 0, 81
"/Users/twp/Library/CloudStorage/OneDrive-SaltLakeCitySchoolDistrict/12th Grade/CS HL2/IA/tutoring-message-manager/target/classes/com/fariseducation/Data/ObservedData/DataObserver.class", "Java", 2, 0, 0, 0, 2
"/Users/twp/Library/CloudStorage/OneDrive-SaltLakeCitySchoolDistrict/12th Grade/CS HL2/IA/tutoring-message-manager/target/classes/com/fariseducation/Data/ObservedData/ObservedBoolean.class", "Java", 20, 0, 0, 0, 20
"/Users/twp/Library/CloudStorage/OneDrive-SaltLakeCitySchoolDistrict/12th Grade/CS HL2/IA/tutoring-message-manager/target/classes/com/fariseducation/Data/ObservedData/ObservedDate.class", "Java", 21, 0, 0, 0, 21
"/Users/twp/Library/CloudStorage/OneDrive-SaltLakeCitySchoolDistrict/12th Grade/CS HL2/IA/tutoring-message-manager/target/classes/com/fariseducation/Data/ObservedData/ObservedDatum.class", "Java", 23, 0, 0, 0, 23
"/Users/twp/Library/CloudStorage/OneDrive-SaltLakeCitySchoolDistrict/12th Grade/CS HL2/IA/tutoring-message-manager/target/classes/com/fariseducation/Data/ObservedData/ObservedDouble.class", "Java", 18, 0, 0, 0, 18
"/Users/twp/Library/CloudStorage/OneDrive-SaltLakeCitySchoolDistrict/12th Grade/CS HL2/IA/tutoring-message-manager/target/classes/com/fariseducation/Data/ObservedData/ObservedGeneric.class", "Java", 19, 0, 0, 0, 19
"/Users/twp/Library/CloudStorage/OneDrive-SaltLakeCitySchoolDistrict/12th Grade/CS HL2/IA/tutoring-message-manager/target/classes/com/fariseducation/Data/ObservedData/ObservedLiveList.class", "Java", 29, 0, 0, 0, 29
"/Users/twp/Library/CloudStorage/OneDrive-SaltLakeCitySchoolDistrict/12th Grade/CS HL2/IA/tutoring-message-manager/target/classes/com/fariseducation/Data/ObservedData/ObservedLockedList.class", "Java", 32, 0, 0, 0, 32
"/Users/twp/Library/CloudStorage/OneDrive-SaltLakeCitySchoolDistrict/12th Grade/CS HL2/IA/tutoring-message-manager/target/classes/com/fariseducation/Data/ObservedData/ObservedString.class", "Java", 33, 0, 0, 0, 33
"/Users/twp/Library/CloudStorage/OneDrive-SaltLakeCitySchoolDistrict/12th Grade/CS HL2/IA/tutoring-message-manager/target/classes/com/fariseducation/Data/ObservedData/ObservedUUID.class", "Java", 24, 0, 0, 0, 24
"/Users/twp/Library/CloudStorage/OneDrive-SaltLakeCitySchoolDistrict/12th Grade/CS HL2/IA/tutoring-message-manager/target/classes/com/fariseducation/Data/ObservedData/ObservedUnlockedList.class", "Java", 33, 0, 0, 0, 33
"/Users/twp/Library/CloudStorage/OneDrive-SaltLakeCitySchoolDistrict/12th Grade/CS HL2/IA/tutoring-message-manager/target/classes/com/fariseducation/Data/Person.class", "Java", 17, 0, 0, 0, 17
"/Users/twp/Library/CloudStorage/OneDrive-SaltLakeCitySchoolDistrict/12th Grade/CS HL2/IA/tutoring-message-manager/target/classes/com/fariseducation/Data/Savable.class", "Java", 2, 0, 0, 0, 2
"/Users/twp/Library/CloudStorage/OneDrive-SaltLakeCitySchoolDistrict/12th Grade/CS HL2/IA/tutoring-message-manager/target/classes/com/fariseducation/Data/Session.class", "Java", 13, 0, 0, 0, 13
"/Users/twp/Library/CloudStorage/OneDrive-SaltLakeCitySchoolDistrict/12th Grade/CS HL2/IA/tutoring-message-manager/target/classes/com/fariseducation/Data/SpreadsheetReader.class", "Java", 13, 0, 0, 1, 14
"/Users/twp/Library/CloudStorage/OneDrive-SaltLakeCitySchoolDistrict/12th Grade/CS HL2/IA/tutoring-message-manager/target/classes/com/fariseducation/Data/Student.class", "Java", 12, 0, 0, 0, 12
"/Users/twp/Library/CloudStorage/OneDrive-SaltLakeCitySchoolDistrict/12th Grade/CS HL2/IA/tutoring-message-manager/target/classes/com/fariseducation/Data/TimeGroup.class", "Java", 26, 0, 0, 0, 26
"/Users/twp/Library/CloudStorage/OneDrive-SaltLakeCitySchoolDistrict/12th Grade/CS HL2/IA/tutoring-message-manager/target/classes/com/fariseducation/Data/Tutor.class", "Java", 11, 0, 0, 0, 11
"/Users/twp/Library/CloudStorage/OneDrive-SaltLakeCitySchoolDistrict/12th Grade/CS HL2/IA/tutoring-message-manager/target/classes/com/fariseducation/DataLoadingWindow.class", "Java", 12, 0, 0, 2, 14
"/Users/twp/Library/CloudStorage/OneDrive-SaltLakeCitySchoolDistrict/12th Grade/CS HL2/IA/tutoring-message-manager/target/classes/com/fariseducation/ParentEditorWindow.class", "Java", 5, 0, 0, 0, 5
"/Users/twp/Library/CloudStorage/OneDrive-SaltLakeCitySchoolDistrict/12th Grade/CS HL2/IA/tutoring-message-manager/target/classes/com/fariseducation/PrimaryWindow.class", "Java", 85, 0, 0, 0, 85
"/Users/twp/Library/CloudStorage/OneDrive-SaltLakeCitySchoolDistrict/12th Grade/CS HL2/IA/tutoring-message-manager/target/classes/com/fariseducation/StudentEditorWindow.class", "Java", 89, 0, 0, 1, 90
"/Users/twp/Library/CloudStorage/OneDrive-SaltLakeCitySchoolDistrict/12th Grade/CS HL2/IA/tutoring-message-manager/target/classes/com/fariseducation/TimeGroupEditorWindow.class", "Java", 51, 0, 0, 0, 51
"/Users/twp/Library/CloudStorage/OneDrive-SaltLakeCitySchoolDistrict/12th Grade/CS HL2/IA/tutoring-message-manager/target/classes/com/fariseducation/TutorEditorWindow.class", "Java", 5, 0, 0, 0, 5
"/Users/twp/Library/CloudStorage/OneDrive-SaltLakeCitySchoolDistrict/12th Grade/CS HL2/IA/tutoring-message-manager/target/classes/com/fariseducation/UIBase/UIAlert.class", "Java", 8, 0, 0, 0, 8
"/Users/twp/Library/CloudStorage/OneDrive-SaltLakeCitySchoolDistrict/12th Grade/CS HL2/IA/tutoring-message-manager/target/classes/com/fariseducation/UIBase/UIComponent.class", "Java", 30, 0, 0, 0, 30
"/Users/twp/Library/CloudStorage/OneDrive-SaltLakeCitySchoolDistrict/12th Grade/CS HL2/IA/tutoring-message-manager/target/classes/com/fariseducation/UIBase/UIDropdown$1.class", "Java", 9, 0, 0, 1, 10
"/Users/twp/Library/CloudStorage/OneDrive-SaltLakeCitySchoolDistrict/12th Grade/CS HL2/IA/tutoring-message-manager/target/classes/com/fariseducation/UIBase/UIDropdown.class", "Java", 26, 0, 0, 0, 26
"/Users/twp/Library/CloudStorage/OneDrive-SaltLakeCitySchoolDistrict/12th Grade/CS HL2/IA/tutoring-message-manager/target/classes/com/fariseducation/UIBase/UIEnums/UIAlignment.class", "Java", 13, 0, 0, 0, 13
"/Users/twp/Library/CloudStorage/OneDrive-SaltLakeCitySchoolDistrict/12th Grade/CS HL2/IA/tutoring-message-manager/target/classes/com/fariseducation/UIBase/UIEnums/UIAxis.class", "Java", 13, 0, 0, 0, 13
"/Users/twp/Library/CloudStorage/OneDrive-SaltLakeCitySchoolDistrict/12th Grade/CS HL2/IA/tutoring-message-manager/target/classes/com/fariseducation/UIBase/UIFrameConstraints.class", "Java", 20, 0, 0, 0, 20
"/Users/twp/Library/CloudStorage/OneDrive-SaltLakeCitySchoolDistrict/12th Grade/CS HL2/IA/tutoring-message-manager/target/classes/com/fariseducation/UIBase/UIGroup.class", "Java", 37, 0, 0, 0, 37
"/Users/twp/Library/CloudStorage/OneDrive-SaltLakeCitySchoolDistrict/12th Grade/CS HL2/IA/tutoring-message-manager/target/classes/com/fariseducation/UIBase/UIIndicator.class", "Java", 35, 0, 0, 1, 36
"/Users/twp/Library/CloudStorage/OneDrive-SaltLakeCitySchoolDistrict/12th Grade/CS HL2/IA/tutoring-message-manager/target/classes/com/fariseducation/UIBase/UIListBuilder.class", "Java", 26, 0, 0, 1, 27
"/Users/twp/Library/CloudStorage/OneDrive-SaltLakeCitySchoolDistrict/12th Grade/CS HL2/IA/tutoring-message-manager/target/classes/com/fariseducation/UIBase/UIScrollContainer.class", "Java", 18, 0, 0, 0, 18
"/Users/twp/Library/CloudStorage/OneDrive-SaltLakeCitySchoolDistrict/12th Grade/CS HL2/IA/tutoring-message-manager/target/classes/com/fariseducation/UIBase/UISeparator.class", "Java", 12, 0, 0, 0, 12
"/Users/twp/Library/CloudStorage/OneDrive-SaltLakeCitySchoolDistrict/12th Grade/CS HL2/IA/tutoring-message-manager/target/classes/com/fariseducation/UIBase/UISpacer.class", "Java", 28, 0, 0, 1, 29
"/Users/twp/Library/CloudStorage/OneDrive-SaltLakeCitySchoolDistrict/12th Grade/CS HL2/IA/tutoring-message-manager/target/classes/com/fariseducation/UIBase/UITextElements/UIButton$1.class", "Java", 12, 0, 0, 1, 13
"/Users/twp/Library/CloudStorage/OneDrive-SaltLakeCitySchoolDistrict/12th Grade/CS HL2/IA/tutoring-message-manager/target/classes/com/fariseducation/UIBase/UITextElements/UIButton.class", "Java", 34, 0, 0, 0, 34
"/Users/twp/Library/CloudStorage/OneDrive-SaltLakeCitySchoolDistrict/12th Grade/CS HL2/IA/tutoring-message-manager/target/classes/com/fariseducation/UIBase/UITextElements/UILabel.class", "Java", 27, 0, 0, 0, 27
"/Users/twp/Library/CloudStorage/OneDrive-SaltLakeCitySchoolDistrict/12th Grade/CS HL2/IA/tutoring-message-manager/target/classes/com/fariseducation/UIBase/UITextElements/UITextElement.class", "Java", 25, 0, 0, 1, 26
"/Users/twp/Library/CloudStorage/OneDrive-SaltLakeCitySchoolDistrict/12th Grade/CS HL2/IA/tutoring-message-manager/target/classes/com/fariseducation/UIBase/UITextElements/UITextField$1.class", "Java", 11, 0, 0, 0, 11
"/Users/twp/Library/CloudStorage/OneDrive-SaltLakeCitySchoolDistrict/12th Grade/CS HL2/IA/tutoring-message-manager/target/classes/com/fariseducation/UIBase/UITextElements/UITextField$2.class", "Java", 12, 0, 0, 1, 13
"/Users/twp/Library/CloudStorage/OneDrive-SaltLakeCitySchoolDistrict/12th Grade/CS HL2/IA/tutoring-message-manager/target/classes/com/fariseducation/UIBase/UITextElements/UITextField$3.class", "Java", 11, 0, 0, 1, 12
"/Users/twp/Library/CloudStorage/OneDrive-SaltLakeCitySchoolDistrict/12th Grade/CS HL2/IA/tutoring-message-manager/target/classes/com/fariseducation/UIBase/UITextElements/UITextField$4.class", "Java", 16, 0, 0, 1, 17
"/Users/twp/Library/CloudStorage/OneDrive-SaltLakeCitySchoolDistrict/12th Grade/CS HL2/IA/tutoring-message-manager/target/classes/com/fariseducation/UIBase/UITextElements/UITextField$5.class", "Java", 16, 0, 0, 1, 17
"/Users/twp/Library/CloudStorage/OneDrive-SaltLakeCitySchoolDistrict/12th Grade/CS HL2/IA/tutoring-message-manager/target/classes/com/fariseducation/UIBase/UITextElements/UITextField.class", "Java", 36, 0, 0, 1, 37
"/Users/twp/Library/CloudStorage/OneDrive-SaltLakeCitySchoolDistrict/12th Grade/CS HL2/IA/tutoring-message-manager/target/classes/com/fariseducation/UIBase/UITextElements/UITextFormat.class", "Java", 28, 0, 0, 0, 28
"/Users/twp/Library/CloudStorage/OneDrive-SaltLakeCitySchoolDistrict/12th Grade/CS HL2/IA/tutoring-message-manager/target/classes/com/fariseducation/UIBase/UIToggle$1.class", "Java", 16, 0, 0, 0, 16
"/Users/twp/Library/CloudStorage/OneDrive-SaltLakeCitySchoolDistrict/12th Grade/CS HL2/IA/tutoring-message-manager/target/classes/com/fariseducation/UIBase/UIToggle.class", "Java", 20, 0, 0, 1, 21
"/Users/twp/Library/CloudStorage/OneDrive-SaltLakeCitySchoolDistrict/12th Grade/CS HL2/IA/tutoring-message-manager/target/classes/com/fariseducation/UIBase/UIWindow.class", "Java", 32, 0, 0, 1, 33
"/Users/twp/Library/CloudStorage/OneDrive-SaltLakeCitySchoolDistrict/12th Grade/CS HL2/IA/tutoring-message-manager/target/test-classes/com/fariseducation/AppTest.class", "Java", 10, 0, 0, 0, 10
"Total", "-", 3553, 172, 239, 437, 4401